Match Score (%),Recommendation,Title,Company,Company Type,Modality,Salary,Salary Type,Interview Difficulty (0-100),Location,Has Full JD,Pros,Cons / Risks,AI Reasoning,URL,Posted,Scanned At
92,HIGHLY INTERESTED,Mid/Senior Software Engineer (Java),Revolut,Scaleup,Remote,"55,000€ - 75,000€",Estimated,85,Greater Dublin,Yes,"• Top-tier FinTech scaleup product company
• Modern stack: Java 17/21, GCP, Kubernetes, Postgres, Microservices
• Mid/Senior scope accepts candidates around 4 years experience
• 100% remote with competitive compensation (>55k€)","• Challenging technical interviews focused on TDD, algorithms, and design
• Fast-paced environment","Outstanding match for modern Java 17/21 microservices stack in a premier fintech scaleup. The compensation well exceeds your 45k€ target, and your 3.5 years exp fits their Mid/Senior tier.",https://www.linkedin.com/jobs/view/4321239039/,Reposted 1 week ago,2026-08-10T21:10:19.104Z
85,HIGHLY INTERESTED,Backend (Mid-Level) Software Engineer,Granular Energy,Startup,Remote,"50,000€ - 65,000€",Estimated,65,London (Remote),No,"• Product startup company
• Mid-level role fits your 3.5 years experience perfectly
• 100% remote option with UK scale salary potential",• Detailed job description missing,Excellent match as a mid-level remote backend role in a clean-tech product startup. Compensation is likely well above your 45k€ target.,N/A,2 months ago,2026-08-10T21:10:01.295Z
85,HIGHLY INTERESTED,Mid Level Java Developer,hackajob,Unknown,Remote,"50,000€ - 65,000€",Estimated,55,United Kingdom (Remote),No,"• Posted 1 day ago
• Explicit Mid-Level Java Developer title (Perfect match)
• UK Remote market pay",• Detailed job description missing,Very recent posting explicitly targeting Mid-Level Java developers with remote flexibility and high salary expectations.,N/A,1 day ago,2026-08-10T21:10:17.919Z
82,HIGHLY INTERESTED,Product Software Engineer,Brightflag,Scaleup,Remote,"50,000€ - 65,000€",Estimated,65,Ireland (Remote),No,"• Product scaleup company environment
• Remote work in EU / Ireland
• Product Engineer role matching mid seniority",• Detailed job description missing,"Strong product scaleup in Ireland offering remote roles, well aligned with your 45k€+ target and mid-level background.",N/A,5 days ago,2026-08-10T21:10:17.919Z
80,HIGHLY INTERESTED,Java Developer,Haystack,Startup,Remote,"50,000€ - 65,000€",Estimated,60,London (Remote),No,"• Posted within the last hour
• UK remote market rates (>45k€)
• Java Developer title aligns with semisenior experience",• Detailed job description missing,Brand new remote posting matching your mid-level Java experience with strong pay potential.,N/A,1 hour ago,2026-08-10T21:10:17.919Z
78,HIGHLY INTERESTED,Senior Backend Engineer Java / Spring Boot - remote,wealthAPI,Scaleup,Remote,"55,000€ - 70,000€",Estimated,75,Germany (Remote),No,"• Fintech scaleup product company
• Exact tech stack: Java and Spring Boot
• Remote modality with German salary levels (>50k€)","• Senior role might push technical expectations
• Detailed job description missing","Strong technology stack alignment with remote work in a European fintech scaleup. The Senior title may increase interview difficulty, but salary expectation will be easily met.",N/A,3 weeks ago,2026-08-10T21:10:01.295Z
78,HIGHLY INTERESTED,Software Engineer - FinTech (Remote),Quik Hire Staffing,Unknown,Remote,"50,000€ - 70,000€",Estimated,65,EMEA (Remote),No,"• Fresh post (16 hours ago)
• FinTech sector domain
• EMEA Remote coverage with strong salary upside","• Recruitment staffing agency
• Detailed job description missing",Fresh fintech remote opportunity across EMEA with potential to easily surpass your 45k€ target.,N/A,16 hours ago,2026-08-10T21:10:17.919Z
76,HIGHLY INTERESTED,Senior Backend Engineer (Java),Moniepoint Group,Scaleup,Remote,"55,000€ - 75,000€",Estimated,70,Poland (Remote),No,"• Fintech scaleup unicorn product environment
• Remote work modality
• Java backend stack","• Senior title gap
• Detailed job description missing",Fast-growing fintech scaleup paying global salaries well above 45k€. Strong candidate match despite Senior title challenge.,N/A,1 week ago,2026-08-10T21:10:17.919Z
75,MAYBE / REVIEW,Senior Software Engineer,Twilio,Scaleup,Remote,"70,000€ - 90,000€",Estimated,85,Estonia (Remote),No,"• Top-tier US product company
• Remote option in EU
• Exceptional salary compensation (>70k€)","• Senior interview bar at Twilio is extremely rigorous
• Detailed job description missing","Exceptional product company with top market pay, but Twilio's Senior technical interview bar will be very challenging for 3.5 years experience.",N/A,1 week ago,2026-08-10T21:10:17.919Z
75,HIGHLY INTERESTED,Software Engineer (f/m/d),Awin Global,SME,Remote,"45,000€ - 58,000€",Estimated,60,Romania (Remote),No,"• Global product engineering environment
• Mid-level Software Engineer role fits 3.5 years experience
• Remote modality
• Fresh post (5 days ago)",• Detailed job description missing,Solid mid-level remote role at a global product firm matching your experience level and desired salary scope.,N/A,5 days ago,2026-08-10T21:10:17.919Z
75,HIGHLY INTERESTED,Java Developer,Autopay,Product,Remote,"45,000€ - 58,000€",Estimated,60,Sopot (Remote),No,"• Fintech product company
• Remote work option
• Fits general Java stack background",• Detailed job description missing,Remote Java role at an established European fintech product company. Strong potential for competitive salary and modern architecture.,N/A,1 month ago,2026-08-10T21:10:01.295Z
75,HIGHLY INTERESTED,Senior Backend Engineer,Harmonic Security,Startup,Remote,"55,000€ - 75,000€",Estimated,75,London (Remote),No,"• UK cybersecurity startup product environment
• Remote work option
• High salary potential","• Senior title requirement
• Detailed job description missing",High-potential product startup role with strong compensation. Senior status may require convincing interview performance for 3.5 years exp.,N/A,3 weeks ago,2026-08-10T21:10:01.296Z
72,MAYBE / REVIEW,Senior Backend Developer,Tempo Software,Scaleup,Remote,"55,000€ - 75,000€",Estimated,75,Canada (Remote),No,"• Product scaleup (Atlassian ecosystem)
• Remote work modality","• Canadian HQ potential timezone/tax complexity
• Senior level requirement
• Detailed job description missing","Strong product company with solid compensation, but Canadian headquarters and Senior requirements require careful evaluation.",N/A,1 week ago,2026-08-10T21:10:17.920Z
72,HIGHLY INTERESTED,Java Services Engineer,RubyPlay,Product,Remote,"45,000€ - 60,000€",Estimated,60,Warsaw (Remote),No,"• Product company environment
• Remote work modality
• Java backend development focus",• Detailed job description missing,"Remote Java backend position at a gaming product company, likely offering competitive compensation above 45k€.",N/A,2 weeks ago,2026-08-10T21:10:17.919Z
70,MAYBE / REVIEW,Senior Java Engineer,"Cosmose, Inc.",Startup,Remote,"50,000€ - 65,000€",Estimated,70,Warsaw (Remote),No,"• Product startup company
• Remote work option","• Senior role requires high proficiency
• Detailed job description missing",Product startup role offering remote flexibility and competitive pay. Seniority requirement warrants careful review of job description.,N/A,3 weeks ago,2026-08-10T21:10:01.296Z
70,MAYBE / REVIEW,Senior Java Engineer (Core),Hazelcast,Product,Remote,"65,000€ - 85,000€",Estimated,85,United Kingdom (Remote),No,"• World-class Java infrastructure product company
• Remote in UK/EU
• Excellent salary potential","• High technical bar for core low-level Java/distributed systems
• Senior title requirement
• Detailed job description missing","Prestigious Java product firm with top-tier compensation, but the core engine focus and senior level impose a very high technical bar.",N/A,2 weeks ago,2026-08-10T21:10:01.296Z
65,MAYBE / REVIEW,Software Engineer,IT Search,Unknown,Remote,"45,000€ - 60,000€",Estimated,60,Ireland (Remote),No,"• Ireland remote market rates usually meet >45k€ goal
• 100% remote option","• Recruitment agency listing
• Generic title without job description",Irish recruitment agency position offering remote flexibility and strong compensation potential. Lacks specific stack details.,N/A,2 weeks ago,2026-08-10T21:10:01.296Z
65,MAYBE / REVIEW,Mid/Senior Java Developer,Bonapolia,Consulting,Remote,"45,000€ - 60,000€",Estimated,60,Tallinn (Remote),No,"• 100% remote modality
• Accessible Mid/Senior level fits 3.5 years experience
• Foreign agency likely paying above Spanish market","• Recruitment consultancy model
• Detailed job description missing",Remote international role offering good scope for your experience level. Requires further JD review to confirm tech stack specifics.,N/A,2 weeks ago,2026-08-10T21:10:01.295Z
65,MAYBE / REVIEW,Java Developer (Remote),IT Search,Unknown,Remote,"45,000€ - 60,000€",Estimated,55,Ireland (Remote),No,"• Irish market remote pay rates
• Fresh post (5 days ago)","• Recruitment agency listing
• Detailed job description missing",Recent remote agency post with promising compensation potential from Ireland. Requires detailed JD to confirm technical fit.,N/A,5 days ago,2026-08-10T21:10:17.919Z
65,MAYBE / REVIEW,"Java Backend Developer | Spring Boot, Kafka & Microservicios | Remoto",knowmad mood,Consulting,Remote,"33,000€ - 39,000€",Estimated,35,Madrid (Remote),No,"• Exact tech stack match: Java, Spring Boot, Kafka, Microservices
• 100% remote modality",• Spanish consultancy firm limits compensation ceiling below 40k€,"Perfect technical stack fit with Kafka and microservices in full remote. However, being a Spanish consultancy implies salary constraints.",N/A,3 weeks ago,2026-08-10T21:10:01.296Z
62,MAYBE / REVIEW,Java/Spring Boot Backend Developer – Cassandra | 100% remoto,Qaracter - Beyond your Challenge,Consulting,Remote,"32,000€ - 40,000€",Estimated,40,Spain (Remote),No,"• Fresh posting (posted 9h ago)
• 100% remote in Spain
• Java and Spring Boot stack","• Spanish consultancy model
• Specific Cassandra dependency
• Detailed job description missing",Recently posted remote Spring Boot role matching core technologies. Salary likely caps near 40k€ due to consultancy nature.,N/A,9 hours ago,2026-08-10T21:10:17.919Z
60,MAYBE / REVIEW,Java Software Engineer,Scale Tech,Consulting,Remote,"40,000€ - 50,000€",Estimated,55,Vilniaus rajonas (Remote),No,"• Remote modality
• Core Java software engineering role","• IT service provider / agency
• Detailed job description missing",Remote Java engineer role with an international IT provider. Needs job description review to verify exact tech stack and pay rate.,N/A,1 month ago,2026-08-10T21:10:01.296Z
60,MAYBE / REVIEW,Software Engineer (Java),Software Mind,Consulting,Remote,"40,000€ - 52,000€",Estimated,55,Cracow (Remote),No,"• Fresh posting (less than 24h old)
• Remote Java position","• Software consultancy model
• Detailed job description missing",Recently posted remote Java opportunity with an international consultancy. Deserves a review once detailed JD is obtained.,N/A,9 hours ago,2026-08-10T21:10:01.296Z
60,MAYBE / REVIEW,Senior Java Software Engineer,SoftServe,Consulting,Remote,"42,000€ - 55,000€",Estimated,65,Poland (Remote),No,"• Large global consultancy
• Remote Java engineering role
• Fresh post (5 days ago)","• Senior seniority requirement
• Consultancy model",Established international service provider offering remote Java positions. Senior level may require demonstration of lead skills.,N/A,5 days ago,2026-08-10T21:10:17.920Z
60,MAYBE / REVIEW,Backend Java Microservices Developer | Sector Bancario,Vermont Solutions,Consulting,Remote,"32,000€ - 38,000€",Estimated,40,Madrid (Remote),No,"• 100% remote modality
• Exact domain stack match: Java, Microservices, Banking",• Spanish consultancy firm limits compensation under 40k€,"Direct stack and domain match with your experience at Globant/NTT Data, but Spanish consultancy structure caps financial potential.",N/A,3 weeks ago,2026-08-10T21:10:17.919Z
60,MAYBE / REVIEW,"Java Backend Developer | Spring Boot, Microservicios | Remoto",knowmad mood,Consulting,Remote,"32,000€ - 38,000€",Estimated,35,Madrid (Remote),No,"• 100% remote work
• Spring Boot and Microservices stack match",• Spanish consultancy capping salary growth below 40k€,"Matches core backend stack and remote preferences, but Spanish consultancy compensation limitations apply.",N/A,2 weeks ago,2026-08-10T21:10:17.919Z
60,MAYBE / REVIEW,Java Software Engineer,Langham Recruitment,Unknown,Remote,"45,000€ - 58,000€",Estimated,55,United Kingdom (Remote),No,"• UK remote compensation aligns with >45k€ desired rate
• Java focus","• Recruitment agency listing
• Detailed job description missing",UK agency role offering remote flexibility and solid compensation. Needs full job description for review.,N/A,3 weeks ago,2026-08-10T21:10:17.919Z
58,MAYBE / REVIEW,Java Developer,Jit Team,Consulting,Remote,"38,000€ - 50,000€",Estimated,50,Gdynia (Remote),No,"• Remote Java position
• Matches general engineering profile","• IT outsourcing team model
• Detailed job description missing",Polish outsourcing company offering remote Java development. Potential alternative depending on project details.,N/A,1 month ago,2026-08-10T21:10:17.919Z
55,MAYBE / REVIEW,Programador/a Java – Spring Boot & Microservicios,METRICA,Consulting,Remote,"30,000€ - 38,000€",Estimated,30,Madrid (Remote),No,"• 100% remote work in Spain
• Stack aligns directly with Spring Boot and Microservices experience","• Spanish consultancy likely pays below the 40k-45k€ target
• Detailed job description missing","The role matches your technical stack and remote preference in Spain. However, as a Spanish consultancy, compensation will likely fall short of your 40k€+ expectation.",N/A,2 months ago,2026-08-10T21:10:01.295Z
55,MAYBE / REVIEW,Software Engineer Java (100% teletrabajo),knowmad mood,Consulting,Remote,"32,000€ - 38,000€",Estimated,35,Madrid (Remote),No,"• 100% remote in Spain
• Java software engineering focus","• Spanish consultancy red flag for salary cap
• Detailed job description missing","Offers full remote work matching your Java experience. However, Spanish consulting rates typically top out under 40k€ for mid-level engineers.",N/A,4 days ago,2026-08-10T21:10:01.295Z
55,MAYBE / REVIEW,Java Software Engineer,Phi Partners,Consulting,Remote,"42,000€ - 55,000€",Estimated,50,Poland (Remote),No,"• Remote modality
• Fintech capital markets domain","• Consultancy model
• Detailed job description missing",Specialized fintech consultancy role with remote work options. Needs JD evaluation to assess exact tech stack and pay range.,N/A,3 weeks ago,2026-08-10T21:10:17.919Z
52,MAYBE / REVIEW,Backend Software Engineer (Digital Transformation),emagine,Consulting,Remote,"40,000€ - 52,000€",Estimated,50,Portugal (Remote),No,"• Remote modality
• Backend engineering focus","• Consulting agency firm
• Detailed job description missing",Remote international consulting opportunity. Requires detailed job description to verify stack suitability.,N/A,1 week ago,2026-08-10T21:10:17.919Z
50,MAYBE / REVIEW,Programador Backend,METRICA,Consulting,Remote,"28,000€ - 36,000€",Estimated,30,Madrid (Remote),No,"• Remote work in Spain
• Backend development focus","• Spanish consultancy firm
• Generic job title and missing detailed job description",Fits backend development and remote work preferences. Salary will likely be below your desired 40k€ threshold due to company type.,N/A,1 month ago,2026-08-10T21:10:01.295Z
50,MAYBE / REVIEW,Senior Java Developer,emagine,Consulting,Remote,"45,000€ - 55,000€",Estimated,65,Portugal (Remote),No,"• Remote modality
• Non-Spanish consultancy with higher potential pay","• Senior title might require more than 3.5 years of experience
• Detailed job description missing","Offers remote work from an international agency which could meet salary goals. However, the Senior requirement may be challenging for your current experience level.",N/A,2 weeks ago,2026-08-10T21:10:01.295Z
50,MAYBE / REVIEW,Software Engineer – Senior Java Developer,GRiT Solutions,Consulting,Remote,"40,000€ - 50,000€",Estimated,60,Portugal (Remote),No,• Remote work option,"• Consultancy firm
• Senior title requirement
• Detailed job description missing",Remote consulting position in Portugal requiring Senior experience. Needs detailed JD to confirm viability.,N/A,1 week ago,2026-08-10T21:10:17.919Z
45,REJECT,Software Engineer - Backend Services - MPG - Fully remote from the UK or,Climax Studios,SME,Remote,"40,000€ - 55,000€",Estimated,60,United Kingdom (Remote),No,• Remote backend engineering,"• Posted 2 months ago (Stale)
• Gaming studio backend often relies on non-Java stacks (C++/C#)
• Detailed job description missing","Stale 2-month-old post in game development, where backend stacks typically deviate from the Java enterprise ecosystem.",N/A,2 months ago,2026-08-10T21:10:17.919Z
45,REJECT,Software Developer - 100% Remoto,Experis España,Consulting,Remote,"28,000€ - 35,000€",Estimated,30,Spain (Remote),No,• 100% Remote in Spain,"• Spanish staffing agency
• Salary unlikely to meet 40k€ target
• Vague position details without JD",Spanish staffing agency listing unlikely to offer compensation matching your target. Standard candidate red flag.,N/A,2 weeks ago,2026-08-10T21:10:01.296Z
40,REJECT,Middle Java Developer,Raiffeisen Bank Ukraine,SME,Remote,"30,000€ - 42,000€",Estimated,50,"Kyiv, Ukraine (Remote)",No,"• Middle seniority fits 3.5 years experience perfectly
• Banking sector","• Ukraine location creates tax and administrative complications
• Detailed job description missing","Though the seniority is ideal, contracting with Ukraine entities introduces severe administrative and geopolitical hurdles for EU residents.",N/A,1 week ago,2026-08-10T21:10:01.296Z
40,REJECT,Programador/a Backend JAVA / Microservicios,METRICA,Consulting,Remote,"28,000€ - 35,000€",Estimated,30,Madrid (Remote),No,• Remote Java Microservices role,"• Posted 3 months ago (Stale listing)
• Spanish consultancy firm with low salary",Old listing (3 months ago) from a Spanish consultancy. Likely filled or inactive with below-target pay.,N/A,3 months ago,2026-08-10T21:10:17.919Z
40,REJECT,Senior Java Engineer,B2Spin Limited,Startup,Remote,"35,000€ - 50,000€",Estimated,65,Ukraine (Remote),No,• Remote work option,"• Ukraine base entity presents payroll risks
• Senior level experience gap",Location based in Ukraine presents payroll and tax hurdles alongside a Senior level experience mismatch.,N/A,1 week ago,2026-08-10T21:10:17.919Z
35,REJECT,Software Developer (Web Development Team),JetBrains,Product,,"60,000€ - 80,000€",Estimated,85,Berlin,No,"• Top-tier tech product company with world-class engineering culture
• High salary potential","• Located in Berlin without explicit remote work for Spain
• Does not match relocation preference (Switzerland only)
• Detailed job description missing","While JetBrains is a prestigious product company, the job is based in Berlin without remote confirmation. This violates your strict location preferences.",N/A,1 week ago,2026-08-10T21:10:01.295Z
35,REJECT,Senior Backend Engineer (Java),Innovecs,Consulting,Remote,"35,000€ - 45,000€",Estimated,65,Ukraine (Remote),No,• Remote work option,"• Ukraine outsourcing consultancy
• Senior experience gap
• Detailed job description missing","Outsourcing consultancy in Ukraine with Senior requirements, posing legal/tax complications and potential salary mismatch.",N/A,1 week ago,2026-08-10T21:10:17.919Z
30,REJECT,Intermediate Java Software Engineer,Version 1,Consulting,,"45,000€ - 60,000€",Estimated,60,London,No,"• Intermediate level fits candidate experience (~3.5 years)
• Java stack focus","• London location without explicit remote option in Spain
• Consultancy firm
• Detailed job description missing",This position is based in London without confirmation of remote work from Spain. It violates your geographical preference.,N/A,1 week ago,2026-08-10T21:10:01.295Z
20,REJECT,Developer,Leaf Agriculture,Startup,,"35,000€ - 50,000€",Estimated,50,Job,No,• AgTech startup product company,"• Posted 1 year ago (Stale position)
• Missing location and modality details
• Vague job title with no job description","This posting is 1 year old and lacks vital location, stack, and modality details. It should be ignored.",N/A,1 year ago,2026-08-10T21:10:01.295Z
15,REJECT,Java Developer,Play Solutions,Consulting,,"30,000€ - 40,000€",Estimated,40,Full Sutton,No,• Java backend development role,"• Posted 1 year ago (Stale role)
• Unknown modality and UK location
• Consultancy firm",Extremely outdated listing from a year ago with missing modality information. Immediate rejection.,N/A,1 year ago,2026-08-10T21:10:01.296Z
10,REJECT,Software Engineer - Java,Giacom,SME,Onsite,"40,000€ - 50,000€",Estimated,50,Greater London (On-site),No,• Java software engineering role,"• On-site requirement in UK (Direct red flag)
• Detailed job description missing","Requires mandatory physical presence in London, violating your remote and location requirements.",N/A,3 weeks ago,2026-08-10T21:10:01.296Z
95,HIGHLY INTERESTED,Full Stack Software Engineer- Java,Vonage,Product,Remote,"48,000€ - 62,000€",Estimated,65,Spain,Yes,"• Full JD provided
• Global product company (cloud communications)
• Spain Remote
• Modern Java 17, Spring Boot, Kafka, Docker, AWS, Redis, Microservices
• Fits mid/semisenior level","• Some frontend JavaScript context required
• High applicant volume","Vonage is an outstanding tier-1 cloud communications product company hiring remotely in Spain. The tech stack (Java 17, Spring Boot, Kafka, AWS, Docker) aligns perfectly with your experience and compensation expectations.",https://www.linkedin.com/jobs/view/4447028367/,1 week ago,2026-08-10T21:39:28.532Z
90,HIGHLY INTERESTED,Mid/Senior Software Engineer (Java),Revolut,Scaleup,Remote,"55,000€ - 75,000€",Estimated,85,Porto (Remote),No,"• Top Fintech product scaleup
• Explicitly accepts Mid-level Java engineers
• Remote in Portugal/Spain region
• High salary potential","• Rigorously demanding interview process
• Fast-paced work culture",Revolut is a flagship fintech product company using modern Java microservices. The Mid/Senior range fits your experience level perfectly and offers top-of-market compensation.,N/A,1 week ago,2026-08-10T21:39:16.679Z
85,HIGHLY INTERESTED,Product Software Engineer,Brightflag,Scaleup,Remote,"50,000€ - 65,000€",Estimated,60,Ireland (Remote),No,"• LegalTech product company
• Product engineering role
• Competitive Irish/EU remote pay","• Detailed JD missing
• Confirm backend language alignment",Brightflag is a reputable AI-powered LegalTech product company with great culture and product focus. Highly recommended assuming tech stack aligns with backend Java.,N/A,5 days ago,2026-08-10T21:10:17.919Z
85,HIGHLY INTERESTED,"Software Engineer II - Python, Java / Spring or Go",Bloomreach,Scaleup,Remote,"50,000€ - 65,000€",Estimated,60,Slovakia (Remote),No,"• Software Engineer II fits 3-4 years experience exactly
• E-commerce AI product scaleup
• Mentions Java / Spring specifically
• Fresh posting","• Slovakia location scope to confirm for Spain
• Detailed JD missing",Bloomreach is a leading e-commerce experience platform. Software Engineer II aligns perfectly with your experience level and Java/Spring skill set.,N/A,5 days ago,2026-08-10T21:39:16.680Z
85,HIGHLY INTERESTED,Backend (Mid-Level) Software Engineer,Granular Energy,Startup,Remote,"50,000€ - 65,000€",Estimated,60,London (Remote),No,"• Explicit Mid-Level role matching 3.5 years experience
• High-growth green energy product startup
• Fully remote with attractive UK/EU salary","• Detailed JD missing
• Posted 2 months ago",Granular Energy is a product startup offering remote mid-level backend roles with competitive compensation well above market. It aligns very strongly with your career goals and remote preferences.,N/A,2 months ago,2026-08-10T21:10:01.295Z
80,HIGHLY INTERESTED,Senior Backend Engineer (Java),Moniepoint Group,Scaleup,Remote,"55,000€ - 70,000€",Estimated,65,Poland (Remote),No,"• Fast-growing fintech scaleup
• Java microservices core
• Competitive remote pay","• Senior label
• Detailed JD missing",Moniepoint is a rapidly growing fintech product company operating globally. Their tech stack relies heavily on Java microservices and offers attractive remote compensation.,N/A,1 week ago,2026-08-10T21:10:17.919Z
80,HIGHLY INTERESTED,"Senior Java Engineer, Retail (f/m/x)",AUTO1 Group,Scaleup,Remote,"60,000€ - 75,000€",Estimated,65,Berlin (Remote),No,"• Major European Tech Product scaleup
• Java microservices backbone
• Remote friendly work structure","• Senior title label
• Detailed JD missing",AUTO1 Group is one of Europe's largest digital automotive platforms with strong Java engineering. Their remote product team offers strong technical growth and competitive compensation.,N/A,2 weeks ago,2026-08-10T21:39:16.679Z
80,HIGHLY INTERESTED,Senior Backend Developer,Tempo Software,Scaleup,Remote,"60,000€ - 80,000€",Estimated,65,Canada (Remote),No,"• Popular Developer Tools product company
• 100% remote
• High salary scale","• Canada remote entity check
• Senior title
• Detailed JD missing","Tempo Software creates well-known productivity tools in the Atlassian ecosystem. As a tech product business with remote engineering, it is a great match.",N/A,1 week ago,2026-08-10T21:10:17.920Z
75,HIGHLY INTERESTED,Senior Software Engineer,Twilio,Product,Remote,"70,000€ - 90,000€",Estimated,80,Estonia (Remote),No,"• Tier-1 global cloud communications product company
• Top tier salary and benefits
• Remote work engineering culture","• Estonia residency location constraint likely
• Senior level competition
• Detailed JD missing","Twilio is a leading global product enterprise with outstanding technology practices. If they hire contractors or remote employees in Spain, it is a premier target.",N/A,1 week ago,2026-08-10T21:10:17.919Z
75,HIGHLY INTERESTED,Mid Level Java Developer,hackajob,Consulting,Remote,"50,000€ - 65,000€",Estimated,55,United Kingdom (Remote),No,"• Explicit Mid-level seniority
• UK market platform rates
• Freshly posted","• Platform/agency listing
• UK right to work check required
• Detailed JD missing",hackajob connects mid-level developers with UK product tech companies. The role aligns with your mid-level experience and salary goals.,N/A,1 day ago,2026-08-10T21:10:17.919Z
75,HIGHLY INTERESTED,Senior Backend Engineer,Harmonic Security,Startup,Remote,"60,000€ - 75,000€",Estimated,70,London (Remote),No,"• Cybersecurity product startup
• Remote role with UK/EU market compensation
• High impact environment","• Senior title label
• Detailed JD missing",Harmonic Security is an innovative product startup in cybersecurity offering well-compensated remote roles. Your cloud and backend experience make you a candidate despite the senior title.,N/A,3 weeks ago,2026-08-10T21:10:01.296Z
75,HIGHLY INTERESTED,Senior Backend Engineer Java / Spring Boot - remote,wealthAPI,Startup,Remote,"55,000€ - 70,000€",Estimated,70,Germany (Remote),No,"• Fintech product startup
• Exact stack match (Java, Spring Boot)
• High salary compensation","• Senior title might require strong performance in interviews
• Detailed JD missing","This role matches your primary tech stack (Java & Spring Boot) in a German fintech product company. While titled Senior, product startups often evaluate semisenior engineers based on actual skills.",N/A,3 weeks ago,2026-08-10T21:10:01.295Z
75,MAYBE / REVIEW,Senior Java Engineer (Core),Hazelcast,Scaleup,Remote,"70,000€ - 90,000€",Estimated,85,United Kingdom (Remote),No,"• Top tier distributed systems product
• High salary bracket
• Fully remote culture","• Core systems Java requires deep low-level expertise
• Senior role expectations
• Detailed JD missing","Hazelcast builds high-performance distributed computing software, offering excellent pay and remote work. However, the technical interview difficulty for core systems engineering is very high.",N/A,2 weeks ago,2026-08-10T21:10:01.296Z
75,HIGHLY INTERESTED,Senior Software Engineer,GitHub,Product,Remote,"85,000€ - 110,000€",Estimated,90,United Kingdom (Remote),No,"• World-class developer platform product
• Exceptional salary and benefits
• 100% remote culture","• High interview bar
• GitHub core stack is Ruby/Go (Java secondary)
• Detailed JD missing","GitHub is a premier dream employer for developers with industry-leading remote policies. While Senior level and non-Java heavy, it is definitely worth reviewing if backend skills translate.",N/A,2 days ago,2026-08-10T21:39:16.680Z
75,MAYBE / REVIEW,Software Engineer - Marketing,Phorest Software,Scaleup,Remote,"48,000€ - 60,000€",Estimated,55,"Northern Ireland, United Kingdom (Remote)",No,"• Irish SaaS product company
• Mid-level software engineer role
• Good compensation","• Check if UK/Ireland legal entity supports remote in Spain
• Detailed JD missing","Phorest Software is a successful SaaS product company based in Ireland. If their UK/NI remote posting allows remote employment from Spain, it is a great match.",N/A,1 month ago,2026-08-10T21:39:16.680Z
70,MAYBE / REVIEW,Senior Java Developer,SplitMetrics,Scaleup,Remote,"50,000€ - 65,000€",Estimated,65,Warsaw (Remote),No,"• App growth ecosystem product scaleup
• Remote Java position
• Above average salary","• Senior title requirement
• Detailed JD missing",SplitMetrics is a product company providing marketing tools for app publishers. A solid remote Java role if they consider 3.5 years experience.,N/A,3 weeks ago,2026-08-10T21:39:16.680Z
70,MAYBE / REVIEW,Senior Java Engineer,"Cosmose, Inc.",Scaleup,Remote,"50,000€ - 65,000€",Estimated,65,Warsaw (Remote),No,"• AI/Data product scaleup
• Fully remote option
• Java backend stack","• Senior title label
• Detailed JD missing","Cosmose is a tech product scaleup offering remote Java positions. While listed as Senior, your solid engineering background makes it worth reviewing.",N/A,3 weeks ago,2026-08-10T21:10:01.296Z
70,MAYBE / REVIEW,Java Developer,Autopay,Scaleup,Remote,"40,000€ - 50,000€",Estimated,55,Sopot (Remote),No,"• Fintech product company
• 100% Remote work
• Standard Java Developer title fits mid-level","• Detailed JD missing
• Poland entity tax restrictions may apply",Autopay is a solid European fintech product company with a role fitting your mid-level experience. You should verify if remote hiring applies to Spanish tax residents.,N/A,1 month ago,2026-08-10T21:10:01.295Z
70,MAYBE / REVIEW,Backend Software Engineer,Huspy,Startup,Remote,"50,000€ - 65,000€",Estimated,65,Netherlands (Remote),No,"• High-growth PropTech product startup
• Attractive salary
• Standard engineer title","• Posted 4 months ago (likely filled)
• Detailed JD missing","Huspy is a prominent scaleup operating across EMEA and Spain. While the role is highly aligned, the 4-month-old posting age reduces likelihood of open hiring.",N/A,4 months ago,2026-08-10T21:39:16.679Z
65,MAYBE / REVIEW,Software Engineer - FinTech (Remote),Quik Hire Staffing,Consulting,Remote,"50,000€ - 65,000€",Estimated,60,EMEA (Remote),No,"• EMEA wide remote
• Fintech domain
• Fresh posting","• Staffing agency listing
• Detailed JD missing",EMEA-wide remote Fintech role posted very recently by a staffing agency. Potentially lucrative if client stack matches Java/Spring Boot.,N/A,16 hours ago,2026-08-10T21:10:17.919Z
65,MAYBE / REVIEW,Senior Backend Software Engineer (Java),Infinni,Startup,Remote,"40,000€ - 50,000€",Estimated,60,"Canary Islands, Spain (Remote)",No,"• Canary Islands, Spain location allows local Spanish tax status
• 100% remote
• Java backend stack","• Senior title requirement
• Detailed JD missing","Based in Canary Islands (Spain), allowing easy remote legal contracting. Check if compensation meets the upper >45k€ preference.",N/A,1 week ago,2026-08-10T21:39:16.680Z
65,MAYBE / REVIEW,Java Developer,Ingemark,Consulting,Remote,"38,000€ - 48,000€",Estimated,50,"Zagreb, Zagreb, Croatia",Yes,"• Full JD available
• Exact stack match: Java, Spring Boot, Microservices, Kafka, AWS, Docker, CI/CD
• 100% remote choice
• Non-Spanish agency","• Agency/consultancy model
• Compensation near bottom of preference range","Ingemark is a Croatian custom software agency with a full JD matching your stack perfectly (Java, Spring Boot, Kafka, AWS, Docker). Since it is not Spanish, it is acceptable if pay exceeds 45k€.",https://www.linkedin.com/jobs/view/4444000627/,2 weeks ago,2026-08-10T21:39:16.680Z
65,MAYBE / REVIEW,Software Engineer (f/m/d),Awin Global,Scaleup,Remote,"45,000€ - 55,000€",Estimated,55,Romania (Remote),No,"• Global affiliate marketing product scaleup
• Fresh posting
• Standard software engineer level","• Location specified as Romania Remote
• Detailed JD missing",Awin Global is a solid product business. You should verify if this role accepts applicants based in Spain or is strictly confined to Romania.,N/A,5 days ago,2026-08-10T21:10:17.919Z
65,MAYBE / REVIEW,Java Services Engineer,RubyPlay,Product,Remote,"40,000€ - 50,000€",Estimated,55,Warsaw (Remote),No,"• iGaming product company
• Remote services development
• Java backend focus","• iGaming sector match needs evaluation
• Detailed JD missing","RubyPlay is a product studio in the iGaming sector. The role aligns technically, but product sector fit and remote payroll eligibility in Spain should be confirmed.",N/A,2 weeks ago,2026-08-10T21:10:17.919Z
60,MAYBE / REVIEW,Senior Java Engineer,B2Spin Limited,Product,Remote,"45,000€ - 60,000€",Estimated,60,Ukraine (Remote),No,"• Product company
• Remote Java position
• Above target potential pay","• Senior title label
• Detailed JD missing","B2Spin offers remote product development roles. If they accept semisenior level engineers with solid Java microservices skills, it could be a fit.",N/A,1 week ago,2026-08-10T21:10:17.919Z
60,MAYBE / REVIEW,Senior Software Engineer,Pearson,SME,Remote,"45,000€ - 60,000€",Estimated,60,Poland (Remote),No,"• EdTech corporate product company
• Remote position
• Java backend stack commonly used","• Senior title
• Detailed JD missing","Pearson is a global education product business. Senior software engineering positions offer good stability, though technical stack confirmation is needed.",N/A,1 week ago,2026-08-10T21:39:16.680Z
55,MAYBE / REVIEW,Software Engineer,Nortal,Consulting,Remote,"45,000€ - 55,000€",Estimated,55,Estonia (Remote),No,"• Estonian digital transformation consultancy
• Non-Spanish firm
• Standard engineer level","• Consultancy model
• Estonia remote tax entity check
• Detailed JD missing","Nortal is an international consultancy headquartered in Estonia. Being non-Spanish, it fulfills basic criteria if they hire remotely in Spain above 45k€.",N/A,1 week ago,2026-08-10T21:39:16.679Z
55,MAYBE / REVIEW,Java Developer,Haystack,Consulting,Remote,"45,000€ - 55,000€",Estimated,50,London (Remote),No,"• Very fresh posting
• Mid-level title
• Remote Java position","• Recruitment platform listing
• Detailed JD missing",Extremely recent posting for a remote Java developer. Quick application could yield early visibility if UK/EU remote contract is possible.,N/A,1 hour ago,2026-08-10T21:10:17.919Z
55,MAYBE / REVIEW,Mid/Senior Java Developer,Bonapolia,Consulting,Remote,"45,000€ - 55,000€",Estimated,60,Tallinn (Remote),No,"• Remote work opportunity
• Non-Spanish company
• Accepts Mid/Senior level experience","• Detailed JD missing
• Tax residency and contracting model need clarification
• Consulting risk",Bonapolia is a non-Spanish company offering a remote Java role suitable for mid-level engineers. Further information on contract type and exact stack is required before proceeding.,N/A,2 weeks ago,2026-08-10T21:10:01.295Z
50,MAYBE / REVIEW,Software Engineer,IT Search,Consulting,Remote,"45,000€ - 55,000€",Estimated,55,Ireland (Remote),No,"• Irish recruitment agency with higher potential salary
• Remote work","• Third-party agency listing
• Exact tech stack unspecified
• Detailed JD missing",IT Search is an Irish recruitment agency listing a remote software engineering position. Detailed information on the client and tech stack is required.,N/A,2 weeks ago,2026-08-10T21:10:01.296Z
50,MAYBE / REVIEW,Java Software Engineer,Scale Tech,Consulting,Remote,"40,000€ - 50,000€",Estimated,50,Vilniaus rajonas (Remote),No,"• Remote modality
• Java ecosystem focus
• Non-Spanish firm","• Consultancy model
• Detailed JD missing",This role offers remote Java backend development with a non-Spanish firm. It warrants a quick review to check if contract rates meet your 45k€ consultancy requirement.,N/A,1 month ago,2026-08-10T21:10:01.296Z
50,MAYBE / REVIEW,Java Software Engineer,Phi Partners,Consulting,Remote,"45,000€ - 55,000€",Estimated,50,Poland (Remote),No,"• Niche capital markets tech firm
• Non-Spanish consultancy
• Potential for competitive pay","• Consulting model
• Detailed JD missing","Phi Partners is a UK-headquartered consultancy. Because it is non-Spanish, it could be valid if compensation exceeds your 45k€ requirement.",N/A,3 weeks ago,2026-08-10T21:10:17.919Z
50,MAYBE / REVIEW,Software Engineer (Java),Software Mind,Consulting,Remote,"40,000€ - 50,000€",Estimated,50,Cracow (Remote),No,"• Non-Spanish company
• Freshly posted
• Java focus","• Consulting software house
• Poland-focused contract restrictions may apply
• Detailed JD missing",Software Mind is a Polish software house offering remote Java development. It is worth reviewing if they offer B2B contracts to Spanish residents above 45k€.,N/A,9 hours ago,2026-08-10T21:10:01.296Z
50,MAYBE / REVIEW,Java Software Engineer,Amber Labs,Consulting,Remote,"45,000€ - 58,000€",Estimated,55,"London Area, United Kingdom (Remote)",No,"• UK consulting company paying competitive rates
• Java title focus","• Consulting consultancy
• UK residency requirement risk
• Detailed JD missing","Amber Labs is a UK digital consultancy. If they offer contract options for Spanish residents above 45k€, it could meet candidate constraints.",N/A,3 weeks ago,2026-08-10T21:39:16.680Z
50,MAYBE / REVIEW,Software Engineer - Backend Services - MPG - Fully remote from the UK or,Climax Studios,SME,Remote,"45,000€ - 55,000€",Estimated,60,United Kingdom (Remote),No,"• Gaming backend engineering
• Remote option mentioned","• Title cut off
• Posted 2 months ago
• Detailed JD missing","Gaming backend role at Climax Studios. Truncated title leaves location scope ambiguous, so remote eligibility from Spain must be confirmed.",N/A,2 months ago,2026-08-10T21:10:17.919Z
50,MAYBE / REVIEW,Java Developer (Remote),IT Search,Consulting,Remote,"45,000€ - 55,000€",Estimated,50,Ireland (Remote),No,"• Irish market rates
• Freshly posted
• 100% remote","• Agency posting
• Client details undisclosed
• Detailed JD missing",Agency listing for an Irish client offering remote Java work. Worth contacting to check if remote work from Spain is supported.,N/A,5 days ago,2026-08-10T21:10:17.919Z
45,REJECT,Software Engineer – Senior Java Developer,GRiT Solutions,Consulting,Remote,"40,000€ - 50,000€",Estimated,55,Portugal (Remote),No,"• Non-Spanish agency
• Remote Java development","• Portugal remote restriction
• Consulting agency
• Detailed JD missing",GRiT Solutions is a Portuguese consultancy listing remote roles that typically require Portuguese tax residency.,N/A,1 week ago,2026-08-10T21:10:17.919Z
45,REJECT,Java Developer,Jit Team,Consulting,Remote,"35,000€ - 45,000€",Estimated,50,Gdynia (Remote),No,"• Remote Java role
• Mid-level title","• Polish outsourcing agency
• Rates usually tailored to local Polish B2B market
• Detailed JD missing","Jit Team is a Polish software development agency. Unless paying foreign market rates, it offers low value compared to product companies.",N/A,1 month ago,2026-08-10T21:10:17.919Z
45,MAYBE / REVIEW,Java Software Engineer,Langham Recruitment,Consulting,Remote,"45,000€ - 55,000€",Estimated,50,United Kingdom (Remote),No,"• UK market compensation
• Java engineering focus","• Third-party recruiter posting
• UK-only remote restriction risk
• Detailed JD missing","Recruitment agency posting for a UK company. Many UK remote roles require UK tax residence, so eligibility from Spain must be verified.",N/A,3 weeks ago,2026-08-10T21:10:17.919Z
45,REJECT,Senior Backend Engineer (Java),Innovecs,Consulting,Remote,"40,000€ - 50,000€",Estimated,55,Ukraine (Remote),No,"• Global tech vendor
• Remote Java position","• Outsourcing consultancy
• Likely restricted to Eastern European residency
• Detailed JD missing",Innovecs is a global software consultancy catering primarily to Eastern Europe. Legal and tax constraints make this remote position unsuitable.,N/A,1 week ago,2026-08-10T21:10:17.919Z
45,REJECT,Senior Java Software Engineer,SoftServe,Consulting,Remote,"45,000€ - 55,000€",Estimated,60,Poland (Remote),No,"• Large IT vendor
• Fresh posting","• Large IT consultancy
• Poland tax residency restriction likely
• Detailed JD missing","SoftServe is a large outsourcing vendor. Although non-Spanish, outsourcing roles outside your direct stack product preference offer low overall fit.",N/A,5 days ago,2026-08-10T21:10:17.920Z
40,REJECT,Middle Java Developer,Raiffeisen Bank Ukraine,SME,Remote,"30,000€ - 40,000€",Estimated,55,"Kyiv, Ukraine (Remote)",No,"• Mid-level banking experience
• Java microservices","• Location restricted to Ukraine residents
• Geopolitical and tax risk
• Salary below preferences",This mid-level Java role is targeted at candidates based locally in Ukraine. Compensation and legal requirements do not align with your profile in Spain.,N/A,1 week ago,2026-08-10T21:10:01.296Z
40,REJECT,Backend Software Engineer (Digital Transformation),emagine,Consulting,Remote,"35,000€ - 45,000€",Estimated,50,Portugal (Remote),No,"• 100% remote
• Backend engineering","• Consultancy model
• Portugal location constraint
• Detailed JD missing",Another posting by emagine based in Portugal. Contractual constraints for Portugal residency and consultancy nature make it unappealing.,N/A,1 week ago,2026-08-10T21:10:17.919Z
40,REJECT,Senior Java Developer,emagine,Consulting,Remote,"40,000€ - 50,000€",Estimated,65,Portugal (Remote),No,"• 100% Remote modality
• Core Java ecosystem","• Restricted to Portugal remote residency
• Consulting agency model
• Senior role requirement mismatch","This Java role is targeted at Portugal remote residents, which likely requires local tax residency. Additionally, it is a senior consultancy position.",N/A,2 weeks ago,2026-08-10T21:10:01.295Z
35,REJECT,Programador/a Java – Spring Boot & Microservicios,METRICA,Consulting,Remote,"30,000€ - 38,000€",Estimated,40,Madrid (Remote),No,"• 100% Remote work in Spain
• Stack aligns with Java and Spring Boot microservices","• Spanish consulting company (red flag)
• Estimated salary below candidate target
• Detailed JD missing","Although the position offers remote work in Spain with relevant technologies, METRICA is a Spanish consultancy firm. This directly violates your explicit preference against Spanish consultancies.",N/A,2 months ago,2026-08-10T21:10:01.295Z
35,REJECT,Programador Backend,METRICA,Consulting,Remote,"30,000€ - 38,000€",Estimated,40,Madrid (Remote),No,"• 100% Remote in Spain
• Backend engineering focus","• Spanish consulting firm
• Salary below 40k€ expectation
• Detailed JD missing","This Spanish consulting role offers remote work in Spain, but falls short of your desired salary. It triggers your red flag against Spanish IT consultancies.",N/A,1 month ago,2026-08-10T21:10:01.295Z
35,REJECT,JAVA Software Backend Engineer,Devapo,Consulting,Remote,"35,000€ - 45,000€",Estimated,50,Warsaw (Remote),No,• Backend Java focus,"• Posted 4 months ago
• Polish software house agency
• Detailed JD missing",Devapo is a Polish outsourcing provider. The posting is 4 months old and provides no clear advantage over local product roles.,N/A,4 months ago,2026-08-10T21:39:16.679Z
35,REJECT,Backend Java Microservices Developer | Sector Bancario,Vermont Solutions,Consulting,Remote,"35,000€ - 42,000€",Estimated,45,Madrid (Remote),No,"• Java Microservices focus
• 100% Remote","• Spanish consulting firm
• Banking sector staffing model
• Detailed JD missing",Vermont Solutions is a Spanish IT staffing firm. This position falls under your red flag filter for Spanish consultancies.,N/A,3 weeks ago,2026-08-10T21:10:17.919Z
35,REJECT,"Java Backend Developer | Spring Boot, Microservicios | Remoto",knowmad mood,Consulting,Remote,"32,000€ - 38,000€",Estimated,40,Madrid (Remote),No,"• Spring Boot & Microservices match
• 100% remote","• Spanish consulting firm
• Salary under candidate minimum
• Detailed JD missing","Duplicate posting from knowmad mood. Being a Spanish consultancy with low salary ranges, it should be rejected.",N/A,2 weeks ago,2026-08-10T21:10:17.919Z
35,REJECT,Java Developer (Spring Boot + Kafka),Vermont Solutions,Consulting,Remote,"35,000€ - 42,000€",Estimated,45,Madrid (Remote),No,"• Matches Spring Boot + Kafka skills
• 100% Remote","• Spanish consultancy
• Salary under 45k€ requirement
• Detailed JD missing",Another posting from Spanish consultancy Vermont Solutions. Does not meet salary expectations or product company preferences.,N/A,2 weeks ago,2026-08-10T21:39:16.679Z
35,REJECT,Backend Java Developer (con inglés),KAIROS DIGITAL SOLUTIONS,Consulting,Remote,"35,000€ - 42,000€",Estimated,45,Madrid (Remote),No,"• English requirement matches C1
• Remote Java development","• Spanish consulting company
• Salary capped under 45k€
• Detailed JD missing",KAIROS Digital Solutions is a Spanish consulting agency. It violates your red flag rule against Spanish consulting firms.,N/A,1 month ago,2026-08-10T21:39:16.680Z
35,REJECT,Software Engineer Java (100% teletrabajo),knowmad mood,Consulting,Remote,"32,000€ - 38,000€",Estimated,40,Madrid (Remote),No,"• 100% Remote in Spain
• Java stack focus","• Spanish consulting firm (red flag)
• Compensation below target range
• Detailed JD missing",knowmad mood is a Spanish IT consulting firm offering salaries below your 40k-45k€ threshold. This conflicts with your core preferences.,N/A,4 days ago,2026-08-10T21:10:01.295Z
35,REJECT,Java/Spring Boot Backend Developer – Cassandra | 100% remoto,Qaracter - Beyond your Challenge,Consulting,Remote,"33,000€ - 40,000€",Estimated,45,Spain (Remote),No,"• Recently posted
• 100% remote in Spain
• Spring Boot focus","• Spanish consulting firm
• Salary below target
• Detailed JD missing","Qaracter is a Spanish consulting firm. Despite being freshly posted and 100% remote, it triggers your red flag filter for Spanish consultancies.",N/A,9 hours ago,2026-08-10T21:10:17.919Z
35,REJECT,"Java Backend Developer | Spring Boot, Kafka & Microservicios | Remoto",knowmad mood,Consulting,Remote,"32,000€ - 38,000€",Estimated,40,Madrid (Remote),No,"• Exact technical keywords (Spring Boot, Kafka, Microservices)
• 100% Remote in Spain","• Spanish consultancy firm
• Below target compensation
• Detailed JD missing","Although the title highlights your exact stack (Spring Boot, Kafka, Microservices), knowmad mood is a Spanish consulting firm paying under your target threshold.",N/A,3 weeks ago,2026-08-10T21:10:01.296Z
30,REJECT,Intermediate Java Software Engineer,Version 1,Consulting,,"45,000€ - 55,000€",Estimated,50,London,No,"• Intermediate level fits 3.5 years experience
• Java focus","• Located in London without remote contract guarantee for Spain
• Consulting company
• Detailed JD missing","The role matches your intermediate seniority level and Java core skills. However, being UK-based without explicit remote availability for Spain makes it unsuitable.",N/A,1 week ago,2026-08-10T21:10:01.295Z
30,REJECT,Programador/a Backend JAVA / Microservicios,METRICA,Consulting,Remote,"30,000€ - 38,000€",Estimated,40,Madrid (Remote),No,"• Microservices Java focus
• Remote in Spain","• Spanish consultancy
• Posted 3 months ago
• Low salary estimate",Stale posting from a Spanish IT consulting firm. Does not fit your product and non-Spanish consultancy preferences.,N/A,3 months ago,2026-08-10T21:10:17.919Z
30,REJECT,Java Software Engineer / 1,Inetum,Consulting,Remote,"30,000€ - 38,000€",Estimated,45,Warsaw (Remote),No,• Java development,"• Major IT services/consulting firm
• Low salary scale
• Detailed JD missing",Inetum is a traditional IT consultancy known for body-shopping and traditional salary ranges below your goals.,N/A,1 week ago,2026-08-10T21:39:16.679Z
30,REJECT,Java + SpringBoot Developer,DISID,Consulting,Remote,"28,000€ - 36,000€",Estimated,40,Spain (Remote),No,"• 100% remote in Spain
• Java + SpringBoot focus","• Spanish consulting/services SME
• Salary well below candidate threshold
• Detailed JD missing",DISID is a Spanish IT services firm offering salaries well below your target 40k€+. This triggers your Spanish consultancy red flag.,N/A,5 days ago,2026-08-10T21:39:16.679Z
25,REJECT,Software Developer (Web Development Team),JetBrains,Product,,"65,000€ - 85,000€",Estimated,85,Berlin,No,"• Top-tier product company
• High salary range","• Located in Berlin without confirmed remote option
• Does not fit Switzerland relocation or remote criteria
• Detailed JD missing","JetBrains is an elite product company, but this position is based in Berlin without guaranteed remote work for Spain. Non-remote positions outside Spain or Switzerland trigger a red flag.",N/A,1 week ago,2026-08-10T21:10:01.295Z
20,REJECT,Developer,Leaf Agriculture,Startup,,"40,000€ - 50,000€",Estimated,50,Job,No,• AgTech product startup,"• Posted 1 year ago (stale)
• Modality unknown
• Detailed JD missing",This posting is over a year old and lacks clear location and stack details. It is very likely filled or inactive.,N/A,1 year ago,2026-08-10T21:10:01.295Z
20,REJECT,Java Developer,Play Solutions,Consulting,,"35,000€ - 45,000€",Estimated,45,Full Sutton,No,• Java developer role,"• Posted 1 year ago (stale)
• Modality unknown in Full Sutton
• Detailed JD missing",This posting is 1 year old and lacks remote confirmation. It should be rejected due to staleness and location uncertainty.,N/A,1 year ago,2026-08-10T21:10:01.296Z
15,REJECT,Software Engineer - Java,Giacom,SME,On-site,"45,000€ - 55,000€",Estimated,50,Greater London (On-site),No,• Matches Java stack,"• Mandatory On-site in Greater London
• Red flag location and modality
• Detailed JD missing",This position requires mandatory physical presence in Greater London. Onsite roles outside Spain (except Switzerland) are explicit red flags.,N/A,3 weeks ago,2026-08-10T21:10:01.296Z
96,HIGHLY INTERESTED,Product Software Engineer,Brightflag,Scaleup,Remote,"50,000€ - 65,000€",Estimated,65,Ireland,Yes,"• Exact experience fit (2-5 years Java)
• Core stack alignment (Java, Spring, REST, AWS, Elastic)
• Product scaleup with competitive salary","• Ireland remote flexibility (EU right-to-work required, candidate has Spanish EU citizenship)","An exceptional match across all dimensions: ideal 2-5 year seniority range, pure product company, modern Java/Spring/AWS stack, and top compensation.",https://www.linkedin.com/jobs/view/4449466660/,6 days ago,2026-08-11T13:25:05.086Z
93,HIGHLY INTERESTED,Software Engineer (Java),Revolut,Scaleup,Remote,"60,000€ - 80,000€",Estimated,85,United Arab Emirates,Yes,"• Java 17/21, GCP, Kubernetes, Postgres microservices
• Tier-1 Fintech product scaleup with top-tier salary","• Fast-paced environment with rigorous technical interview
• Asks for 4+ years exp (candidate has 3.5 years, close enough)","Excellent alignment with candidate's stack (Java 17/21, microservices, cloud) and product company preference. Salary and career growth potential are outstanding.",https://www.linkedin.com/jobs/view/4139859553/,Reposted 1 week ago,2026-08-11T13:24:53.207Z
91,HIGHLY INTERESTED,Software Developer,GoDaddy,Scaleup,Remote,"45,000€ - 60,000€",Estimated,70,Romania,Yes,"• 3+ years experience requirement fits candidate perfectly
• Microservices on AWS, Spring Boot, Docker/K8s
• Established product brand with competitive pay",• Romania location posting (need to confirm direct contractor / EU remote setup),"Targeted precisely at candidate's experience level (3+ years) with a 100% stack match (Spring Boot, AWS microservices). Excellent product company opportunity.",https://www.linkedin.com/jobs/view/4445148387/,2 weeks ago,2026-08-11T13:25:09.148Z
85,HIGHLY INTERESTED,Software Engineer,Twilio,Scaleup,Remote,"65,000€ - 85,000€",Estimated,80,Ireland (Remote),No,"• Top-tier international tech product company
• High compensation well above target threshold","• Missing detailed JD
• Competitive hiring process with high bar",Twilio is a premier product company offering excellent pay and strong engineering practices. A top target despite missing the specific JD.,N/A,6 days ago,2026-08-11T13:24:39.753Z
78,HIGHLY INTERESTED,Senior Java Engineer,Patrianna,Scaleup,Remote,"50,000€ - 65,000€",Estimated,75,Ukraine,Yes,"• Product company with modern stack (Latest Java, Spring Boot, GCP, K8s, Kafka)
• Fully remote with strong AI-driven engineering culture","• Senior title
• Company based in Gibraltar/Ukraine timezone/legal context","High-performing product company using modern Java, cloud, and event-driven architecture. Compensation and remote flexibility strongly fit candidate profile.",https://www.linkedin.com/jobs/view/4368228123/,Reposted 2 weeks ago,2026-08-11T13:25:03.109Z
72,MAYBE / REVIEW,Java Developer (Spring Boot) [gn],LUMASERV,SME,Remote,"45,000€ - 55,000€",Estimated,55,Germany (Remote),No,"• Title explicitly highlights Spring Boot
• 100% Remote in German company with competitive pay","• Missing full job description
• May require German language skills",Matches the candidate's preference for modern Spring Boot development and remote work. Lack of job description leaves open questions about language requirements.,N/A,2 months ago,2026-08-11T13:24:39.752Z
70,MAYBE / REVIEW,Java Backend Developer,Renmoney,Scaleup,Remote,"40,000€ - 50,000€",Estimated,60,Serbia (Remote),No,"• Fintech product company
• Remote backend Java development","• Missing detailed JD
• Non-EU headquarters (Serbia) may affect contract type",Fintech scaleup role offering remote work and relevant tech domain. Further review is required once full JD details are available.,N/A,2 months ago,2026-08-11T13:24:39.753Z
68,MAYBE / REVIEW,Senior Java Software Engineer,M4Markets,Scaleup,Remote,"45,000€ - 60,000€",Estimated,70,"Limassol, Limassol, Cyprus",Yes,"• Modern Java 17+, Spring Boot, Docker, CI/CD
• Embraces cutting-edge AI-driven development workflows","• Requires 5+ years experience
• Requires Angular/TypeScript frontend work","Solid technical stack with Java 17+ and modern AI integration. However, requires 5+ years of experience and fullstack Angular tasks outside core preference.",https://www.linkedin.com/jobs/view/4436598473/,Reposted 1 week ago,2026-08-11T13:24:44.043Z
65,MAYBE / REVIEW,Senior Backend Engineer (Java),Benifex,Startup,Remote,"60,000€ - 75,000€",Estimated,75,United Kingdom (Remote),No,"• Strong salary potential
• Remote backend role focusing on Java","• Senior title may require 5+ years experience
• Missing detailed job description","Offers attractive remote setup and strong backend stack. However, senior title might involve high interview difficulty and candidate has ~3.5 years experience.",N/A,1 month ago,2026-08-11T13:24:39.752Z
65,MAYBE / REVIEW,Java Software Engineer (Remote),GeoSolutions,SME,Remote,"38,000€ - 48,000€",Estimated,60,Italy (Remote),No,"• 100% Remote modality
• Matches core Java software engineer title","• Detailed job description missing
• Potential Italy tax residency requirement","The role matches the remote modality and Java stack, but lacks a detailed job description to verify modern frameworks. Location requirements for Italy tax residency need clarification.",N/A,5 months ago,2026-08-11T13:24:39.752Z
65,MAYBE / REVIEW,Java Developer – Step Into Low Latency,Orbis Group,Consulting,Remote,"55,000€ - 70,000€",Estimated,70,"England, United Kingdom (Remote)",No,"• Low-latency domain (fintech/trading)
• High salary potential from UK recruiter","• Missing detailed JD
• Low latency usually requires heavy C++/core Java experience",Interesting specialization in low latency with strong potential pay. Needs full job description to confirm candidate eligibility.,N/A,4 days ago,2026-08-11T13:24:39.753Z
62,MAYBE / REVIEW,Java Developer (Remote),IT Search,Consulting,Remote,"50,000€ - 65,000€",Estimated,60,Ireland (Remote),No,"• Remote modality
• Ireland tech market pays well above candidate salary threshold","• Agency listing without detailed description
• Uncertainty regarding EU-wide remote hiring capability",Ireland-based recruiting agency offer that likely meets salary expectations. Full evaluation is pending complete job requirements and stack details.,N/A,5 days ago,2026-08-11T13:24:39.752Z
60,MAYBE / REVIEW,Senior Java Software Engineer,SoftServe,Consulting,Remote,"45,000€ - 60,000€",Estimated,70,Poland (Remote),No,"• Global consultancy paying above Spanish market rates
• Remote modality","• Senior title requirement
• Outsourcing company nature","SoftServe is a non-Spanish consultancy that may pay above market, but senior expectations might be high for candidate's 3.5 years exp.",N/A,6 days ago,2026-08-11T13:24:39.753Z
60,MAYBE / REVIEW,Java Software Engineer,Better Placed,Consulting,Remote,"55,000€ - 70,000€",Estimated,65,"London Area, United Kingdom (Remote)",No,"• 100% Remote position
• UK-based recruitment offer typically higher pay","• Recruitment agency posting with missing JD
• UK work right or tax residency requirements unclear",Position offers remote work and potentially high compensation through a UK recruitment firm. Detailed tech stack and contract terms are unavailable due to missing job description.,N/A,1 day ago,2026-08-11T13:24:39.752Z
58,MAYBE / REVIEW,Backend Software Engineer (Digital Transformation),emagine,Consulting,Remote,"40,000€ - 50,000€",Estimated,60,Portugal (Remote),No,"• International consultancy
• 100% Remote from Portugal","• Missing detailed JD
• Consulting role focused on legacy transformation",European consulting firm that may meet salary expectations. Missing JD makes it hard to verify whether modern Java stack is used.,N/A,1 week ago,2026-08-11T13:24:39.753Z
55,MAYBE / REVIEW,Back-End Java Developer,Proxima Group,Consulting,Remote,"32,000€ - 40,000€",Estimated,55,Milan (Remote),No,"• Remote modality
• Java backend focus","• Italian consulting firm with potentially modest pay
• Missing detailed JD","Remote Java role in consulting, but likely pays near or below the candidate's 40k€ minimum limit. Detailed JD needed to assess project quality.",N/A,1 week ago,2026-08-11T13:24:39.753Z
52,REJECT,Software Engineer (Mid-level) – Java,Materia,Consulting,Remote,"35,000€ - 42,000€",Estimated,60,"Florence, Tuscany, Italy",Yes,"• Mid-level seniority perfectly targeting 3.5 years exp
• Microservices, Spring Boot, Docker, Kafka","• Includes legacy J2EE requirements
• Project-based consultancy for third party","While mid-level seniority fits well, the presence of legacy J2EE stack and client consulting context make this less attractive than product roles.",https://www.linkedin.com/jobs/view/4448865076/,1 week ago,2026-08-11T13:25:00.074Z
45,REJECT,Java/Spring Boot Backend Developer – Cassandra | 100% remoto,Qaracter - Beyond your Challenge,Consulting,Remote,"33,000€ - 40,000€",Estimated,55,Spain (Remote),No,"• Spring Boot and Remote modality
• Interesting NoSQL stack (Cassandra)","• Spanish consultancy
• Unlikely to offer >40k-45k€ desired salary","Spanish consultancy role that triggers candidate red flag unless paying significantly above market, which is unlikely for this bracket.",N/A,1 day ago,2026-08-11T13:24:39.753Z
45,REJECT,Java Software Engineer (Remote in Scotland),ATPCO,Scaleup,Remote,"50,000€ - 65,000€",Estimated,65,"Scotland, United Kingdom (Remote)",No,"• Aviation technology product company
• Good compensation range","• Strict location requirement (Remote in Scotland)
• Missing detailed job description","The job specifically requires living in Scotland, which violates candidate location preferences. Candidate is based in Spain and looking for global remote or Switzerland.",N/A,2 weeks ago,2026-08-11T13:24:39.752Z
45,REJECT,Java Developer (CI/CD),Coforge,Consulting,Remote,"32,000€ - 40,000€",Estimated,55,Spain (Remote),No,"• Remote modality in Spain
• Combines Java with CI/CD","• Global IT outsourcing vendor in Spain
• Compensation historically below 40k€ for mid roles","Coforge operates primarily as an IT outsourcing consultancy in Spain, which triggers candidate's consultancy red flag and lower salary expectations.",N/A,1 week ago,2026-08-11T13:24:39.753Z
45,REJECT,"Java Backend Developer | Spring Boot, Microservicios | Remoto",knowmad mood,Consulting,Remote,"32,000€ - 38,000€",Estimated,50,Madrid (Remote),No,"• Exact core tech stack (Spring Boot, Microservices)
• 100% Remote","• Spanish consulting firm (red flag)
• Salary generally below 40k€ for mid level","Even though tech keywords match perfectly, knowmad mood is a Spanish consultancy where salaries rarely reach the candidate's 40k€+ requirement.",N/A,1 week ago,2026-08-11T13:24:39.753Z
40,REJECT,Java Backend Engineer,METRICA,Consulting,Remote,"30,000€ - 38,000€",Estimated,50,Madrid (Remote),No,"• Remote modality based in Spain
• Java backend position","• Spanish IT consultancy (red flag)
• Salary expected to be under candidate's 40k€ threshold",Role is with a Spanish consultancy which typically pays below candidate minimum target. It falls under the red flag criteria unless proven otherwise.,N/A,2 months ago,2026-08-11T13:24:39.753Z
38,REJECT,Java Software Engineer,KWAN,Consulting,Remote,"35,000€ - 45,000€",Estimated,65,Portugal,Yes,• Event-driven architectures with Kafka and Kubernetes,"• Strict location restriction: residents in Portugal only
• Consulting agency staff augmentation model
• Requires 5+ years experience","Role is strictly restricted to residents in Portugal and requires 5+ years experience in a consulting setup, violating multiple candidate constraints.",https://www.linkedin.com/jobs/view/4437696060/,1 month ago,2026-08-11T13:25:11.233Z
